Control,4C Control
Control,4c Control
Control,Control: 4c
Control,4C Snowko
Control,4C Astrolabe
Control,Miracles
Control,4c Miracles
Control,4C Miracles
Control,Bant Miracles
Control,Astrolabe Snow Pile
Control,Oko-Still
Control,Czech Pile
Control,5c Czech Pile
Control,5c Pile
Control,5c Czech
Control,5C Czech Pile
Control,5C Pile
Control,5C Czech
Control,Control: BUG
Control,BUG Snow
Control,Control: RUG
Control,Control: Grixis
Control,RUG Control
Delver,Grixis Delver
Delver,RUG Delver
Delver,Temur Delver
Delver,BUG Delver
Delver,Sultai Delver
Delver,Jeskai Delver
Delver,UWR Delver
Delver,UR Delver
Delver,U/R Delver
Delver,UB Delver
Delver,U/B Delver
Delver,4C Delver
Delver,4c Delver
Delver,URx Delver
Delver,Esper DelverBlade
Delver,Delver: Grixis
Delver,Delver: RUG
Delver,Delver: Temur
Delver,Delver: BUG
Delver,Delver: Sultai
Delver,Delver: Jeskai
Delver,Delver: UWR
Delver,Delver: UR
Delver,Delver: U/R
Delver,Delver: UB
Delver,Delver: U/B
Delver,Delver: 4C
Delver,Delver: 4c
Delver,Delver: URx
Storm,Storm: ANT
Storm,Storm: TES
Storm,ANT
Storm,Ad Nauseam Tendrils
Storm,TES
Storm,The Epic Storm
Chalice Stompy,Dino Stompy
Chalice Stompy,Eldrazi Stompy
Chalice Stompy,Aggro Eldrazi
Chalice Stompy,Mono-Red Stompy
Chalice Stompy,Mono R Stompy
Chalice Stompy,Steel Stompy
Breach,4C Breach
Breach,Wish Breach Freeze
Breach,Jeskai Breach
Breach,Jeskai Breach Freeze
Breach,Jeskai Underworld Breach
Breach,Underworld Breach
Breach,Ovalchase Breach Combo
Breach,Underworld Delver
Breach,Breach Stompy
Breach,Rogue Breach
Cloudpost,Mono Green 12 Post
Cloudpost,Monogreen Post
Cloudpost,Eldrazi: Cloudpost
Cloudpost,Cloudpost Eldrazi
Cloudpost,Eldrazi Post
Cloudpost,Eldrazi: Big
Cloudpost,Big Eldrazi
Cloudpost,12-Post
Death's Shadow,BUG Shadow
Depths,Golgari Depths
Depths,BUG Depths
Depths,GW Depths
Depths,Selesnya
Show and Tell,Sneak and Show
Show and Tell,Sneak & Show
Show and Tell,Omni-Tell
Show and Tell,Mono Blue Omni-Tell
Show and Tell,UG Omni
Show and Tell,Eureka Tell
Painter,Strawberry Shortcake
Painter,Mono Red Painter
Painter,RUG Snow Painter
Death and Taxes,Dead and Taxes
Death and Taxes,Death & Taxes
Reanimator,BR Reanimator
Reanimator,RB Reanimator
Reanimator,B/R Reanimator
Reanimator,R/B Reanimator
Reanimator,BU Reanimator
Reanimator,UB Reanimator
Reanimator,B/U Reanimator
Reanimator,U/B Reanimator
Reanimator,Mono B Reanimator
High Tide,Spiral Tide
4C Loam,4c Loam
BUG Zenith,Bug Zenith
